Date,Actual,Strategy_Ret,Weight_RF,Weight_GB,Weight_LSTM,Position,Market_Cum,HDE_Cum
2024-01-02,-0.010050031543215543,0.0,0.3333333333333333,0.3333333333333333,0.3333333333333333,0.0,989.9499684567845,1000.0
2024-01-03,-0.007118102191826457,0.0,0.3333333333333333,0.3333333333333333,0.3333333333333333,0.0,982.9034034165138,1000.0
2024-01-04,0.004318237424268,0.0,0.3333333333333333,0.3333333333333333,0.3333333333333333,0.0,987.1478136775876,1000.0
2024-01-05,0.026906549504267914,0.0,0.3333333333333333,0.3333333333333333,0.3333333333333333,0.0,1013.7085551943335,1000.0
2024-01-08,0.0031154028680186146,0.0,0.3333333333333333,0.3333333333333333,0.3333333333333333,0.0,1016.8666657345209,1000.0
2024-01-09,0.014883480735742343,0.0,0.3333333333333333,0.3333333333333333,0.3333333333333333,0.0,1032.0011811647992,1000.0
2024-01-10,-0.0017910198974494143,0.0,0.3333333333333333,0.3333333333333333,0.3333333333333333,0.0,1030.1528465151416,1000.0
2024-01-11,-0.0019286198578426714,0.0,0.3333333333333333,0.3333333333333333,0.3333333333333333,0.0,1028.1660732787395,1000.0
2024-01-12,-0.0002569549459391857,0.0,0.3333333333333333,0.3333333333333333,0.3333333333333333,0.0,1027.9018809209638,1000.0
2024-01-16,-0.006719123381109073,0.0,0.3333333333333333,0.3333333333333333,0.3333333333333333,0.0,1020.9952813593817,1000.0
2024-01-17,0.013245416132813001,0.0,0.3708618680892389,0.3458047985774278,0.2833333333333333,0.0,1034.5187887306254,1000.0
2024-01-18,0.017512781962645385,0.010270666196154356,0.40384919160840343,0.35531747505826317,0.2408333333333333,0.42857142857142855,1052.6360907139247,1010.2706661961545
2024-01-19,-0.0024450610426167718,-0.0003770260937206285,0.43176945836273434,0.36352220830393234,0.2047083333333333,0.8571428571428571,1050.0623312164676,1009.8897677932781
2024-01-22,0.006020260813702628,0.005787641538304899,0.45378194794958965,0.37221596871707696,0.1740020833333333,0.8571428571428571,1056.3839803210353,1015.7346477624676
2024-01-23,0.007901771753615072,0.008796591056076043,0.4738963969370749,0.3782018322295917,0.1479017708333333,0.8571428571428571,1064.7312854177076,1024.6696500803216
2024-01-24,-0.011397142338940843,0.005924704999351743,0.49035303614027603,0.3839304586513906,0.1257165052083333,0.8571428571428571,1052.5963914050785,1030.7405154788364
2024-01-25,-0.0006024193881435287,-0.0010873929886404288,0.5057639334514571,0.38737703712145966,0.1068590294270833,0.8571428571428571,1051.962286931006,1029.6196954691973
2024-01-26,0.016533274497814398,0.010546143197263814,0.5167370197808988,0.3924328052060804,0.0908301750130208,0.8571428571428571,1069.3546681821852,1040.4782122163385
2024-01-29,-0.006194771734669914,-0.006688597959260543,0.5251979856154197,0.39759636562351247,0.0772056487610677,0.8571428571428571,1062.730260109393,1033.5188717694532
2024-01-30,-0.030330181716590344,-0.003194971675047286,0.5340231906514822,0.4003520079016103,0.0656248014469075,0.14285714285714285,1030.4974582045556,1030.216808248523
2024-01-31,0.015349304047618128,0.0034828024569995,0.5314453218400699,0.4127735969300587,0.0557810812298714,0.14285714285714285,1046.3148770108348,1033.804849879533
2024-02-01,0.04974069892189816,0.03605504492186876,0.5274639868907695,0.4251220940638398,0.04741391904539067,0.2857142857142857,1098.3593102857337,1071.0787301823857
2024-02-02,-0.0035155136461718856,0.0008447272713417848,0.5232877389607534,0.4364104298506645,0.040301831188582,0.42857142857142855,1094.4980131420243,1071.9834995955248
2024-02-05,6.549654881604292e-05,-0.004844236219858157,0.519920902075151,0.44582254141455424,0.0342565565102947,0.5714285714285714,1094.5696989845712,1066.7905582996939
2024-02-06,0.01620577041072863,0.0127927456700047,0.5165878051465057,0.4542941218197436,0.0291180730337505,0.7142857142857143,1112.3080442248554,1080.4377385951843
2024-02-07,-0.0003169953306843856,-0.001529538023240543,0.5195659630581771,0.4556836748631348,0.024750362078687898,0.42857142857142855,1111.9554477685533,1078.785167992259
2024-02-08,0.01726898774977893,0.008415089856320971,0.5271067473227247,0.45185544491039054,0.021037807766884704,0.42857142857142855,1131.1577927743685,1087.8632421165798
2024-02-09,-0.009766181939640328,-0.010051896225354615,0.5332802297367122,0.4488376336614358,0.017882136601852,1.0,1120.1106999676922,1076.928153699446
2024-02-12,-0.016100653581739344,-0.016100653581739344,0.5370701875235321,0.4477299963648936,0.0151998161115742,1.0,1102.0761856143126,1059.5889065643091
2024-02-13,0.014699733346282457,0.014699733346282457,0.5378221103649142,0.44925804594024765,0.0129198436948381,1.0,1118.2764116701312,1075.1645809474835
2024-02-14,0.004395259874934229,0.004395259874934229,0.5101747429757341,0.42525840997516723,0.0645668470490987,1.0,1123.1915271114303,1079.8902086890723
2024-02-15,-0.008183985219842057,-0.008183985219842057,0.48581253737824204,0.40460701640687624,0.10958044621488162,1.0,1113.9993442544985,1071.0524031821087
2024-02-16,-0.013589914577009874,-0.013589914577009874,0.4646089103619549,0.38535643633218103,0.150034653305864,1.0,1098.860188327235,1056.4968925153626
2024-02-20,-0.001183781308888557,-0.0027028087270474,0.4461796422524503,0.3675809642133388,0.18623939353421085,0.8571428571428571,1097.5593781752114,1053.6413834941736
2024-02-21,0.04247995314022744,0.03925895348043184,0.430964104247448,0.3532162521298006,0.21581964362275127,0.7142857142857143,1144.1836491287113,1095.006241553829
2024-02-22,-0.005727752805701885,-0.0045614543154785855,0.4172848053015306,0.3472514608303418,0.23546373386812755,0.5714285714285714,1137.6300480221762,1090.0114206078174
2024-02-23,-0.003240876880148771,0.004996581895091729,0.40488346142924386,0.34391574857857343,0.2512007899921827,0.5714285714285714,1133.9431291013786,1095.4577519374695
2024-02-26,0.002630391755465186,0.00013189686031459986,0.3934175854025099,0.33997831089577696,0.2666041037017131,0.5714285714285714,1136.9258437593332,1095.6022393755572
2024-02-27,-0.004867382332165086,-0.0014334797212907572,0.3845549822267748,0.3377003908606176,0.27774462691260754,0.5714285714285714,1131.3919909944373,1094.031715782812
2024-02-28,0.011051068644019798,0.007325608063802757,0.37786855742776454,0.3342630773830919,0.2878683651891435,0.5714285714285714,1143.895081550211,1102.0461633420061
2024-02-29,0.009402631889063758,0.01098370954868247,0.372438476738784,0.33249456613851885,0.2950669571226971,0.5714285714285714,1154.6507059217379,1114.1507183093945
2024-03-01,-0.014541546601452241,-0.007039097255356613,0.3685385652323091,0.33170420536374906,0.2997572294039417,0.7142857142857143,1137.8602988731773,1106.3081030460894
2024-03-04,-0.018478591563589643,-0.013687123586837284,0.3640264891440364,0.33292568693882246,0.3030478239171411,0.7142857142857143,1116.8342431538756,1091.165927314578
2024-03-05,3.117148025265706e-05,0.0054867348761431,0.3582820868715148,0.3352021887364809,0.30651572439200425,0.5714285714285714,1116.8690565304314,1097.1528654636343
2024-03-06,0.021104544973062644,0.010885733645176228,0.3531360247172711,0.3373572319571932,0.30950674332553557,0.2857142857142857,1140.4400697629999,1109.0961793251133
2024-03-07,-0.011962369394854315,-0.012015776489266229,0.3472655022551486,0.34400823144678755,0.3087262662980638,0.5714285714285714,1126.7977043758015,1095.7695275292435
2024-03-08,-0.006481516900436758,-0.0030770230001639573,0.34324639984591326,0.34657777676448065,0.31017582338960603,0.14285714285714285,1119.4943460115164,1092.3978194901574
2024-03-11,0.022721132336876372,0.010224514806122686,0.3402615471938829,0.34746669460366897,0.31227175820244807,0.14285714285714285,1144.9305251976286,1103.5670571697106
2024-03-12,-0.008783653583769929,-7.142857142857143e-05,0.34057573511372813,0.3416628924013329,0.31776137248493885,0.0,1134.873852086809,1103.4882309513412
2024-03-13,-0.0013904995074928705,0.002574845639585272,0.340812319917062,0.33743788978276573,0.3217497903001721,0.7142857142857143,1133.2958105544155,1106.3295428111398
2024-03-14,-0.010125985015489728,-0.010752836129506314,0.34110311295863865,0.3340010149762748,0.3248958720650864,0.7142857142857143,1121.8200741586243,1094.43336253206
2024-03-15,0.02158602254590627,0.012580022258159015,0.340498366130456,0.3298192726850339,0.32968236118451005,0.8571428571428571,1146.0357075718625,1108.2013585927853
2024-03-18,0.0031464724757727285,0.0051849367894278,0.34092475576433146,0.3276747822141398,0.3314004620215287,0.8571428571428571,1149.6416773819901,1113.947312587047
2024-03-19,0.014731988205932372,0.0146605596345038,0.34203618954458975,0.32670478442926637,0.33125902602614377,1.0,1166.57818501423,1130.2784035929246
2024-03-20,-0.005537145340282058,-0.005537145340282058,0.3432655554346879,0.3277787629816225,0.3289556815836896,1.0,1160.1186720530038,1124.0198877972484
2024-03-21,0.0075206645186943,0.0075206645186943,0.34468484210612244,0.3278715629876932,0.32744359490618435,1.0,1168.8435353873876,1132.473264285712
2024-03-22,-0.002390930402244057,-0.002390930402244057,0.3462422415769664,0.329497919185186,0.32425983923784757,1.0,1166.0489118431635,1129.7655995284028
2024-03-25,-0.003436384721716429,-0.0067968177549882,0.34724943387569435,0.3311130640191169,0.32163750210518866,0.7142857142857143,1162.0419191777316,1122.0867886425533
2024-03-26,0.001956451977108286,0.0001482532423993144,0.3465869116438062,0.3333779483403317,0.32003514001586203,0.8571428571428571,1164.3153983879895,1122.253141647223
2024-03-27,-0.006692096806761529,-0.003002820080443143,0.3463793162894292,0.33508876295011614,0.31853192076045467,0.7142857142857143,1156.5236870283738,1118.8832173781443
2024-03-28,0.006128093984419022,0.004177333457236999,0.3462887148978648,0.3368945082507905,0.3168167768513447,0.42857142857142855,1163.6109728776908,1123.557165676839
2024-04-01,-0.009821861621243056,-0.007929337772766743,0.3478840150436309,0.3388970705147069,0.31321891444166206,0.2857142857142857,1152.1821469211259,1114.6481014031751
2024-04-02,0.005454615317514828,0.0044835705436666,0.3485666520862689,0.3384533140936403,0.31298003382009065,0.8571428571428571,1158.466857308289,1119.64570479718
2024-04-03,-0.00892519218922073,-0.010613944387591443,0.3491972047590996,0.33797955386326434,0.31282324137763595,0.7142857142857143,1148.12731796197,1107.7618475526574
2024-04-04,0.012052087619995402,0.013024949980069558,0.34809482288029947,0.3353287280286835,0.3165764490910169,0.5714285714285714,1161.964648996958,1122.1903902068602
2024-04-05,0.004417853761731685,3.100822249747143e-05,0.3473540914177189,0.3347317287280744,0.3179141798542066,0.42857142857142855,1167.0980388925282,1122.2251873361643
2024-04-08,0.0032455859596972427,0.0013381914727472,0.34640390414822636,0.33262883265339394,0.32096726319837965,0.42857142857142855,1170.885955901148,1123.7269395123596
2024-04-09,-0.0033127858311819284,-0.003601006701938829,0.3462209541335273,0.33175961756251404,0.3220194283039586,0.5714285714285714,1167.0070614965086,1119.6803912720263
2024-04-10,0.022279326483056243,0.010155393667637043,0.34646914194381856,0.3313233543821267,0.32220750367405465,0.7142857142857143,1193.0071928276216,1131.0511864273276
2024-04-11,-0.014302982218828728,-0.006929668900588285,0.34644826945355806,0.3339432805247573,0.31960845002168464,0.42857142857142855,1175.9436321616731,1123.2133761957687
2024-04-12,-0.02523504508511487,-0.01745667438859574,0.3456273123423729,0.33441867751739923,0.3199540101402278,0.8571428571428571,1146.2686415865196,1103.6058060186035
2024-04-15,-0.004722735880524543,-0.003672987100532372,0.34388208420647565,0.3327046970172927,0.32341321877623164,0.5714285714285714,1140.8551175441787,1099.5522761290247
2024-04-16,-0.01133886424616847,-0.001835099282050057,0.3435860848381646,0.3298932220003835,0.32652069316145177,0.42857142857142855,1127.9191162417987,1097.5344885365237
2024-04-17,-0.006355274506840427,-0.0017662318532226,0.3431416672862976,0.32539603013177043,0.33146230258193193,0.14285714285714285,1120.750880636569,1095.59598816286
2024-04-18,-0.03191936321681189,-7.142857142857143e-05,0.3429925675244471,0.3219494053895711,0.33505802708598165,0.0,1084.9772262019687,1095.5177313065626
2024-04-19,0.0071021806479839005,0.0019589198652436427,0.34242016782242873,0.31639745808064346,0.34118237409692764,0.14285714285714285,1092.6829304614037,1097.6637627531459
2024-04-22,0.019065379809101456,0.0018099439330566142,0.34263114498199937,0.3135512480312025,0.3438176069867979,0.14285714285714285,1113.5153455415723,1099.650472621077
2024-04-23,0.012496960160044828,-7.142857142857143e-05,0.3425743306274208,0.3135414146687571,0.343884254703822,0.0,1127.4309024524039,1099.571926158747
2024-04-24,-0.010632459781957428,-0.0028813340236934428,0.34256141028745246,0.3141023648639907,0.3433362248485567,0.14285714285714285,1115.4435387251426,1096.4036921564075
2024-04-25,0.029464605407393814,0.012948248132250515,0.34194644372753263,0.31368551012373475,0.34436804614873257,0.2857142857142857,1148.3096424479058,1110.6001992155643
2024-04-26,0.016824380750014186,0.02179559586199933,0.3416631245571488,0.3145307418234596,0.34380613361939144,0.14285714285714285,1167.629241091362,1134.8063923219227
2024-04-29,-0.02574471488896494,-0.013174886385511186,0.34161743863097255,0.31593623324283576,0.3424463281261917,0.42857142857142855,1137.5689591834464,1119.8554470335296
2024-04-30,0.0002816885613878005,-0.008109014047694272,0.34077867202341083,0.31653047091135506,0.3426908570652341,0.5714285714285714,1137.8893993470383,1110.7745234821477
2024-05-01,0.0167690949048364,0.010345139220828584,0.3404089904429178,0.3174359126251162,0.34215509693196594,0.5714285714285714,1156.970774675896,1122.2656405705202
2024-05-02,0.022605054443768226,0.0013251660402619143,0.34033969710201023,0.31968884179152524,0.3399714611064644,0.2857142857142857,1183.1241620272933,1123.7528288855572
2024-05-03,0.016303830908308673,0.009336012873063302,0.34013110689735954,0.32393849409222175,0.3359303990104187,0.7142857142857143,1202.413618308521,1134.244199762174
2024-05-06,-0.005233452475513315,-0.0060902223233547294,0.3399183378096608,0.32799395651433444,0.3320877056760046,0.8571428571428571,1196.1208437811933,1127.3364004166467
2024-05-07,-0.0028264741479680573,-0.002897902719396629,0.339999447820715,0.33074828929265865,0.3292522628866262,1.0,1192.7400391383999,1124.0694891962044
2024-05-08,-0.0003478124735286002,-0.0019625140893533145,0.340196868312835,0.33297093260433336,0.3268321990828315,0.7142857142857143,1192.3251892751107,1121.8634869862447
2024-05-09,-0.0036223484282568857,-0.0037652055711140287,0.340481460890039,0.33658060092154385,0.3229379381884171,1.0,1188.006171999769,1117.6394403350148
2024-05-10,0.0031623093178035854,0.00019083228996087125,0.3408669208952975,0.33866609302489203,0.3204669860798103,0.8571428571428571,1191.763014987092,1117.8527220287644
2024-05-13,0.010647422990441243,0.004858462668960585,0.3414357033340904,0.340659000680646,0.31790529598526346,0.7142857142857143,1204.4522199120229,1123.283767748137
2024-05-14,0.010427359156992071,0.013220312850039443,0.34244191033293925,0.3459067829335047,0.31165130673355596,0.8571428571428571,1217.011475796482,1138.1339305771385
2024-05-15,-0.0032216301342426435,-0.003919528057679043,0.34273143795465344,0.35032760824385056,0.30694095380149594,0.8571428571428571,1213.090714952337,1133.6729827028448
2024-05-16,0.0010281923132923574,-0.001112548961059657,0.34308085574307684,0.35210619203106425,0.30481295222585886,0.8571428571428571,1214.3380055007776,1132.4117160037574
2024-05-17,0.0030294982471893855,0.005875864200842714,0.34425407300101846,0.3531424949415451,0.3026034320574364,0.7142857142857143,1218.0168403599375,1139.0656134664387
2024-05-20,0.011813207743906928,0.002603831494661086,0.3448247643241921,0.3533342772280732,0.30184095844773456,0.7142857142857143,1232.4055263306868,1142.031548385268
2024-05-21,-0.0064335698180768425,-0.0014493630896589,0.3453648853272315,0.35404136382377366,0.30059375084899476,0.7142857142857143,1224.4767593328545,1140.3763300118123
2024-05-22,-0.0004404825852887708,0.0016500309481439867,0.3460596536339494,0.3535404404486079,0.30039990591744264,0.7142857142857143,1223.9373986442777,1142.2579862488626
2024-05-23,0.01638795779932193,0.012562520595773912,0.3452868959307499,0.34901692041619686,0.30569618365305307,0.7066125491188556,1243.995233082272,1156.6076257268014
2024-05-24,0.010813597488574972,0.011116243522429198,0.3448794929817569,0.3476546859810368,0.30746582103720616,0.5714285714285714,1257.44729681053,1169.4647577542792
2024-05-28,-0.0016118447042098572,-0.0016527531953442144,0.34556506819813626,0.34753399665534734,0.30690093514651634,0.8571428571428571,1255.4204870443427,1167.5319211390586
2024-05-29,-0.014747214755480659,-0.012628140803743344,0.34639667779848954,0.34529245311766754,0.30831086908384286,0.8571428571428571,1236.9065315134696,1152.7881636460495
2024-05-30,-0.0028507141767211428,-0.000560450466206343,0.3459292766086903,0.3423314831781982,0.3117392402131114,0.7142857142857143,1233.3804645288053,1152.142082982297
2024-05-31,0.0116814662876592,0.006737336519046286,0.3463041789012771,0.3391594617412781,0.31453635935744473,0.42857142857142855,1247.788156845056,1159.9044519131037
2024-06-03,0.0028328578619655426,0.0007889722780215429,0.34654649556008943,0.3374683702211464,0.3159851342187641,0.42857142857142855,1251.322963335242,1160.8195843708168
2024-06-04,0.019685504886065526,0.013751430282549715,0.34771068367072094,0.33650930892918696,0.315780007400092,0.42857142857142855,1275.955887644024,1176.7825139559102
2024-06-05,0.0035070170971723863,-0.0030713687492177283,0.34797810271991175,0.3383846064399739,0.3136372908401142,0.42857142857142855,1280.4306867572295,1173.1681809179202
2024-06-06,-0.001561246114457586,0.0014089691332608712,0.3484313550058759,0.34044767952995475,0.3111209654641693,0.42857142857142855,1278.4316193226975,1174.8211386729572
2024-06-07,0.0022630434567502858,0.003735447516871143,0.34880269234744826,0.34215273438183086,0.3090445732707207,0.7142857142857143,1281.3247656337082,1179.2096213781808
2024-06-10,0.011219247948449284,0.008156202160867142,0.34891770550021306,0.34292063095150754,0.3081616635482793,0.7142857142857143,1295.7002658818415,1188.8274934401811
2024-06-11,0.018540604988639315,0.011901543814512944,0.34872806714549726,0.34348177791453743,0.30779015493996514,0.7142857142857143,1319.7233326952319,1202.976375941257
2024-06-12,0.004375699531502885,0.00013031212690014265,0.34858515472894086,0.3458802618104046,0.3055345834606545,0.8571428571428571,1325.4980454638198,1203.1331383514164
2024-06-13,-0.0004802113130979426,-0.00032606657590054786,0.3488571225758136,0.34742052980125465,0.3037223476229317,0.9909562346975757,1324.8615263068991,1202.7408368486417
2024-06-14,0.012649944296496157,0.011468239963553197,0.34900001843705153,0.3494443919502919,0.30155558961265644,0.97781701489071,1341.6209508152524,1216.5341573795868
2024-06-17,-0.0038816460361256852,0.0005846085445571313,0.3505929865572957,0.35000837861280604,0.2993986348298981,0.5714285714285714,1336.4132531695373,1217.2453536427363
2024-06-18,-0.006687893262094172,-0.006902178976379887,0.3509075385602324,0.3480544954507376,0.30103796598903,1.0,1327.4754639782914,1208.8437083537274
2024-06-20,-0.0006347279237353998,-0.005833984555111957,0.3516719597049341,0.3454956941099807,0.3028323461850851,0.7059186455694019,1326.6328782332307,1201.7913328296474
2024-06-21,-0.011892467567869727,-0.01202759823818717,0.35163198871101614,0.3438149658119255,0.3045530454770583,0.995820402640975,1310.8559397543722,1187.336669512237
2024-06-24,0.022843353975423857,0.02269949040065287,0.3513275230135588,0.3422526826119586,0.30641979437448247,0.9945182978661089,1340.8002859969681,1214.288606844173
2024-06-25,0.01663075663023581,0.016205353230520397,0.3510496086973039,0.3423449416087299,0.306605449693966,0.8571428571428571,1363.0988092431342,1233.9665826418793
2024-06-26,0.0049376434870407,0.004866214915612128,0.3509461473904772,0.3435057111913554,0.30554814141816733,1.0,1369.8293052007866,1239.9713292316983
2024-06-27,-0.014419915777976059,-0.014419915777976059,0.35152742242902324,0.34491965105559375,0.3035529265153829,1.0,1350.0764819895878,1222.091047097072
2024-06-28,0.020520507135570045,0.019570248664287443,0.3508558469837298,0.3440014315802311,0.30514272143603893,0.8571428571428571,1377.7807360718207,1246.007672779161
2024-07-01,0.02096105641046397,0.020442976569013113,0.3502538392386213,0.34467950704617767,0.30506665371520103,0.7142857142857143,1406.6604758018723,1271.479778438596
2024-07-02,0.01602793676631934,0.0092229043332196,0.34935627241284867,0.3463368901962038,0.3043068373909475,0.7142857142857143,1429.2063409597056,1283.2065147967587
2024-07-03,0.01924709235470227,0.021904056623968143,0.3490460348636832,0.3495207537570305,0.3014332113792862,0.8571428571428571,1456.714407398083,1311.3139429571117
2024-07-05,-0.00045791399678978554,-0.0031485936266842283,0.34848829419288974,0.3522107016630413,0.2993010041440689,0.8571428571428571,1456.04735748161,1307.185148233735
2024-07-08,0.007514880571243143,0.003971276486059957,0.348026754992235,0.3537071056440143,0.2982661393637506,0.8571428571428571,1466.9893794791585,1312.3763418758424
2024-07-09,0.012366695536003157,0.012295266964574586,0.3480461444575141,0.3550354578430843,0.29691839769940154,1.0,1485.1311904897273,1328.5123593571977
2024-07-10,-0.04032805221794528,-0.04032805221794528,0.34845374662180895,0.35663604872064153,0.2949102046575494,1.0,1425.2387422891584,1274.9360435568549
2024-07-11,0.0031851122191580714,0.0031851122191580714,0.34768388288159985,0.35504813910617533,0.29726797801222477,1.0,1429.7782876224412,1278.996857927833
2024-07-12,0.0032255294951857713,0.0045727326387763135,0.346485452287581,0.3536058486378724,0.2999086990745465,0.2857142857142857,1434.3900796607436,1284.8453686049718
2024-07-15,-0.004848714627388557,8.768085662361426e-05,0.3457003910628048,0.3526867941491158,0.3016128147880793,0.42857142857142855,1427.4351315001115,1284.95802494752
2024-07-16,-0.03359938491622453,-0.021866602769576342,0.3455427506859668,0.3491798962920591,0.30527735302197406,0.7142857142857143,1379.4741890738978,1256.8603582404135
2024-07-17,-0.0012948021054185138,-0.002728174138734857,0.3434803313112139,0.346243710507148,0.310275958181638,0.2857142857142857,1377.6880429895143,1253.431424315061
2024-07-18,-0.010675776968214415,-0.005666286797757144,0.34101662749297146,0.3435355093718625,0.315447863135166,0.2857142857142857,1362.9801527107825,1246.3291223835704
2024-07-19,0.021781149525687403,-0.00014285714285714287,0.3381639340448123,0.34083418832819323,0.3210018776269944,0.0,1392.6674272175203,1246.151075366087
2024-07-22,0.0007665598020548858,0.0005983271281081429,0.33618782803752856,0.33970778088094533,0.324104391081526,0.14285714285714285,1393.7349900848565,1246.8966813601996
2024-07-23,-0.0560596853155577,-0.027553959448899046,0.3351602944388549,0.33915105555358804,0.3256886500075569,0.2857142857142857,1315.6026451274176,1212.5397407650337
2024-07-24,-0.011465132089288942,-0.00014285714285714287,0.3342184993139185,0.3357780343714478,0.3300034663146336,0.0,1300.519087024014,1212.3665208020673
2024-07-25,0.009092925679073886,0.002511513270336857,0.33403327595707805,0.3281937334701707,0.3377729905727512,0.2857142857142857,1312.3446104265404,1215.4113954075738
2024-07-26,0.00952611430356872,-0.00014285714285714287,0.3343869153602735,0.3229735523270164,0.34263953231271005,0.0,1324.846155191136,1215.23776520823
2024-07-29,-0.01810063270303683,0.0,0.33547302353905817,0.3185067767491998,0.34602019971174197,0.0,1300.8656015479908,1215.23776520823
2024-07-30,0.033746796637119894,0.0,0.3360007351963367,0.315599821957348,0.34839944284631513,0.0,1344.7656484556553,1215.23776520823
2024-07-31,-0.017693894583826027,0.0,0.3379964669845477,0.313521616454684,0.3484819165607682,0.0,1320.9715068319306,1215.23776520823
2024-08-01,-0.029297546530545313,0.0,0.3398163700081161,0.31164044850264666,0.34854318148923713,0.0,1282.2702826449977,1215.23776520823
2024-08-02,-0.04251283332891488,-0.003703275338093957,0.3409832646099306,0.31074199332375996,0.3482747420663094,0.14285714285714285,1227.7573398362902,1210.737405162414
2024-08-05,0.012347747783279944,0.005513296342496543,0.3409441053685,0.3106907640938615,0.34836513053763846,0.14285714285714285,1242.9173778076595,1217.4125592700198
2024-08-06,-0.012443660638002927,-0.0014948037960859858,0.34053333392987006,0.31105771922757647,0.34840894684255336,0.14285714285714285,1227.4509357571444,1215.59276635502
2024-08-07,0.0294184845535291,0.006051257019641371,0.34031339314895676,0.31181561061691526,0.3478709962341279,0.14285714285714285,1263.5606821509307,1222.948630615451
2024-08-08,0.008387564590674758,0.0022817457090961,0.33944714283009664,0.31503762291744747,0.34551523425245584,0.14285714285714285,1274.1588789867087,1225.7390884058027
2024-08-09,0.003500568374555186,-0.0005021619913134857,0.33821049827424826,0.3173256015862163,0.34446390013953526,0.14285714285714285,1278.6191592626483,1225.1235688243382
2024-08-12,0.029863648061696342,0.0034859415112626856,0.33689466458909145,0.3191229367912191,0.3439823986196893,0.14285714285714285,1316.80339183981,1229.3942779293295
2024-08-13,-0.0046616995861132,-0.00048109472769289997,0.3366643897342034,0.3194031894015047,0.3439324208642919,0.14285714285714285,1310.664850013078,1228.8028228239618
2024-08-14,0.028442330968962044,0.00935604086841743,0.3362701547060495,0.31962771171162146,0.34410213358232894,0.4014681597665785,1347.943213466535,1240.2995522535296
2024-08-15,0.0017068685056198859,-0.000870699310294555,0.3363934159530433,0.31976418972341175,0.3438423943235449,0.5619591029244839,1350.243975284965,1239.2196242888238
2024-08-16,0.016213420560457614,0.012619503767253834,0.3366792949030974,0.3196107468377133,0.3437099582591892,0.8516159522890188,1372.1360487154843,1254.8579610059915
2024-08-19,-0.0022829102290196864,-0.002722815354982405,0.33773499393286543,0.31884249766295863,0.3434225084041757,0.8571428571428571,1369.0035852942651,1251.4412144814423
2024-08-20,0.004646203065065385,0.004574774493636814,0.33884791385577234,0.3177336114793519,0.34341847466487563,1.0,1375.3642539483446,1257.166275829738
2024-08-21,-0.02321823298296614,-0.02321823298296614,0.3403629702109468,0.3164659867441104,0.3431710430449427,1.0,1343.4307262637285,1227.9770963391952
2024-08-22,0.016216578731844,0.015071697016073308,0.341015089642194,0.31633578587585476,0.3426491244819511,0.9752532238094317,1365.2165764069628,1246.484795077897
2024-08-23,-0.011378862482442442,-0.011928451630665943,0.3420022871749004,0.31589133814471965,0.3421063746803798,0.8571428571428571,1349.681964725277,1231.6161614914497
2024-08-26,-0.0037096317073980717,-0.0035088048812649147,0.34255467928662997,0.3160682027659703,0.3413771179473996,0.9850907562186543,1344.675141714029,1227.2946606921637
2024-08-27,-0.011581462673299613,-0.009570387487539736,0.34272676462324764,0.31683336837746356,0.3404398669992887,0.6899963051031933,1329.101836752554,1215.5489752279511
2024-08-28,-0.005231523535846557,-0.007241885642272997,0.3420967906368517,0.3187679167296359,0.3391352926335123,0.2857142857142857,1322.1486092120463,1206.7461085567681
2024-08-29,0.016044056077086914,0.0011158993768831294,0.3414661161633131,0.32021197503480214,0.3383219088018847,0.25019330223719305,1343.3612356404867,1208.092715787363
2024-08-30,-0.0321541192160617,-0.00394013288978601,0.34144066774829396,0.3201250496397195,0.33843428261198644,0.14285714285714285,1300.1666383194665,1203.332669943978
2024-09-03,-0.0007305877830220706,0.0009108659194317072,0.3401581775371871,0.32215002081114485,0.337691801651668,0.39652983250789464,1299.2167524576175,1204.4287446627688
2024-09-04,0.014789890534107786,0.0036314756367968244,0.3390756772617838,0.3239945677722741,0.3369297549659421,0.14285714285714285,1318.4320260065444,1208.8025983052694
2024-09-05,-0.036791471722552926,-0.01093718214982083,0.33766099621860046,0.3263031594051819,0.3360358443762174,0.12789359745148726,1269.9249714036164,1195.5817041044281
2024-09-06,0.013028445576284686,0.0054993909156535415,0.33672145937571535,0.3282094638634506,0.335069076760834,0.22842585737431964,1286.4701197795132,1202.1566752669014
2024-09-09,0.0145269886174167,-0.00011421292868715983,0.33589292521475594,0.33008871523665784,0.33401835954858605,0.0,1305.158656566197,1202.0193734322784
2024-09-10,0.02593367608460506,0.0,0.3355306408300662,0.330540524544387,0.33392883462554673,0.0,1339.0062184046028,1202.0193734322784
2024-09-11,0.0142967625423953,0.0037557863647809313,0.3354689254784281,0.3300700831849566,0.3344609913366153,0.37914660672540823,1358.1496723519242,1206.5339014052179
2024-09-12,0.0031805185087771426,0.0010103254752197974,0.3359074971059092,0.32860673936263235,0.33548576353145837,0.3814900696632201,1362.4692925225293,1207.752893342524
2024-09-13,-0.0068638216534076145,-0.002283732168405557,0.33669841463551864,0.32678593267807876,0.33651565268640254,0.6382382443220489,1353.1175462904102,1204.9947092085126
2024-09-16,0.0042938859762168425,0.004046288316305377,0.3369036775738932,0.3258322641405596,0.3372640582855471,0.7671140928459602,1358.9276787465997,1209.870465221593
2024-09-17,-0.0014890173960073001,-0.0031025484206444547,0.33772462897046657,0.3239750573361056,0.33830031369342767,0.7647034782623204,1356.90421179303,1206.1167835205351
2024-09-18,0.03442702848707378,0.02340003824991011,0.33857642716549136,0.3222972877818578,0.3391262850526507,0.7565425024323924,1403.6183917466592,1234.3399623887742
2024-09-19,-0.003965029206447785,-0.0023781013136242512,0.33921702080621613,0.32107000705813615,0.3397129721356476,0.7946502984780087,1398.0530038286763,1231.4045769027587
2024-09-20,0.006664205011477115,0.0046670321322268065,0.3398510485493042,0.3196114471981932,0.34053750425250257,0.9207672292054788,1407.369915663102,1237.151581630935
2024-09-23,0.0074161742080524565,0.005464479419920878,0.34046801229191487,0.31835790106612427,0.34117408664196075,0.9411111314944762,1417.8072161328316,1243.9119709880797
2024-09-24,0.004521008652679614,0.003830656693597706,0.34139785119557897,0.3172383249658717,0.3413638238385493,0.964296053229318,1424.2171348247998,1248.6769707059914
2024-09-25,-0.0005198098071742429,-0.0005618532464605886,0.3423103096578413,0.3163183360532428,0.3413713542889158,0.9796326016047331,1423.4768127905725,1247.9753974962198
2024-09-26,-0.0018878167762847002,-0.0018111156498549115,0.34326916395356694,0.31536468779610594,0.3413661482503271,0.9756652117340538,1420.789549382734,1245.7151697231805
2024-09-27,0.0064055057626076425,0.00555463275254585,0.3436974477588751,0.3152080559855445,0.3410944962555802,0.8317229684975953,1429.8904250287578,1252.634660005268
2024-09-30,-0.013480118219180742,-0.008516407795291886,0.34438882618703764,0.3147884459531721,0.3408227278597901,0.6889934203210727,1410.6153330588954,1241.9667124221464
2024-10-01,-0.0057322814800522285,-0.004834210049418168,0.34404001374783544,0.31571324435564124,0.3402467418965232,0.6704777999513531,1402.5292889097243,1235.9627844599127
2024-10-02,-0.0005702245743614137,-0.002344472884283156,0.3435341777818551,0.31685127816767306,0.3396145440504718,0.5497716114803212,1401.7295322429263,1233.065103225763
2024-10-03,0.016383775450309942,0.010845975835650121,0.3429388117190946,0.31786623439357975,0.33919495388732557,0.6409168910514721,1424.6951541412627,1246.4388975391332
2024-10-04,-0.018077035597598372,-0.0037500470799306817,0.3427106594239974,0.3183178997157953,0.33897144086020725,0.39910288882532957,1398.9408891241253,1241.7646929911045
2024-10-07,0.017117658427460086,0.009962310041664499,0.3420105900320815,0.31955488862103554,0.33843452134688284,0.5294427982737775,1422.8874814243595,1254.1355378614744
2024-10-08,0.00021103760064337132,-0.0009716922971562337,0.3409545667244653,0.3221460929656378,0.3368993403098969,0.2850837072497062,1423.1877641844249,1252.9169040197446
2024-10-09,-0.00017065673601494288,0.0006820380125445285,0.34102102072411394,0.32231326703929725,0.33666571223658875,0.28401911055780493,1422.9448876058527,1253.7714409748455
2024-10-10,-0.009140636262088145,-8.287146269587197e-05,0.34350954858719246,0.3175236066534929,0.3389668447593146,0.14285714285714285,1409.9382659672497,1253.6675391016456
2024-10-11,0.008330000657848372,0.003465455138364943,0.34759214455815846,0.309909250688765,0.3424986047530765,0.14285714285714285,1421.6830526502827,1258.012067716827
2024-10-14,-0.005445291351713586,-0.007769851508020243,0.35222488841025973,0.30133157742609834,0.34644353416364176,0.2857142857142857,1413.9415742188082,1248.2375007553696
2024-10-15,0.0002811802138715283,0.0042000578121221994,0.35724287056656445,0.29205131801413714,0.3507058114192983,0.13653928434943446,1414.3391466130488,1253.480170421801
2024-10-16,1.8646294536714043e-05,-5.765652601965485e-05,0.3609995843912115,0.28469810308106847,0.35430231252771993,0.8571428571428571,1414.3655187973511,1253.40789910974
2024-10-17,0.0046688436084003715,0.004791724707545557,0.36422200251817005,0.2791098249690886,0.35666817251274124,0.8571428571428571,1420.96897020973,1259.4138847085367
2024-10-18,0.0061290737600954,0.006524967298605585,0.3688269666597644,0.27151043298350425,0.3596626003567313,0.2857142857142857,1429.6781938389524,1267.6315191216697
2024-10-21,0.005018846602557243,-8.922795511928572e-05,0.3746841738961519,0.26205419689070075,0.36326162921314736,0.42857142857142855,1436.853529384851,1267.5184109533739
2024-10-22,-0.021198324813113945,-0.018581285574407917,0.38045052763571136,0.2547797098936402,0.3647697624706484,0.8571428571428571,1406.394641560082,1243.9662893886293
2024-10-23,0.03438460977384173,0.0030717025305697287,0.38075383055030304,0.25163721442198395,0.36760895502771296,0.8571428571428571,1454.7529724981473,1247.7873837876878
2024-10-24,0.012323756552638829,0.006099140510069714,0.3810103835553424,0.25202586315131165,0.3669637532933459,0.7142857142857143,1472.680993975442,1255.397814368101
2024-10-25,-0.0009636562273539286,-0.0018652434369837735,0.3814869507141946,0.2549925426390977,0.3635205066467076,0.841601974905099,1471.2618357646918,1253.056191834047
2024-10-28,0.009197814810870114,0.009439977264368562,0.38090223416109076,0.2600025884906982,0.359095177348211,0.971917613563029,1484.7942296683561,1264.8850137959366
2024-10-29,8.343194763348582e-05,0.0003320304858933162,0.37949019839566994,0.2677828004146718,0.3527270011896582,0.96692155422796,1484.9181089427723,1265.3049941816666
2024-10-30,-0.03554691499630413,-0.034465374040976375,0.3778435425108027,0.27420903181199563,0.3479474256772016,0.9637718009533628,1432.1338511477109,1221.6957842812799
2024-10-31,0.010740690582846327,0.01268478179339948,0.3739962034129756,0.27876345066951075,0.3472403459175136,0.8068388958760975,1447.5159577161087,1237.1927287228038
2024-11-01,-0.008972539645574,-0.007988844561163425,0.3705534845927368,0.2826763774361443,0.34677013797111883,0.6648790468087193,1434.5280633979,1227.3089883208359
2024-11-04,0.0172184368764528,0.006000565900245609,0.3673646387037129,0.2842783604381454,0.34835700085814164,0.3707413502336439,1459.2283943050168,1234.6735367852189
2024-11-05,0.0404918105241479,0.02526442454518617,0.3650270109088562,0.2877409525771184,0.3472320365140253,0.3815519462578752,1518.3151939586721,1265.8668531932672
2024-11-06,0.0225760672183773,0.009599132315079837,0.36319544499583456,0.29142441510332934,0.345380139900836,0.42857142857142855,1552.5927798361665,1278.018076610343
2024-11-07,0.005618591099756614,0.007257125293822414,0.36117781697717166,0.29643496507182115,0.34238721795100713,0.5714285714285714,1561.3161638105005,1287.2928139200744
2024-11-08,0.0064429355740338295,0.009621424453609473,0.358782958816216,0.29967741826719835,0.3415396229165854,0.7142857142857143,1571.3756232646292,1299.6784044788808
2024-11-11,-0.0012442722036024292,-0.003080710351408829,0.3559374608745773,0.3016127211703645,0.34244981795505813,0.7086290356375782,1569.4204042551826,1295.6744717647002
2024-11-12,0.00033137381303449985,0.00013470343092988877,0.3540649778132129,0.30397049545562455,0.34196452673116245,0.5714285714285714,1569.9404690787949,1295.849003561415
2024-11-13,-0.010314712824372501,-0.01215869704701734,0.35259975375262087,0.3061056198243288,0.34129462642305025,0.5692224372125624,1553.7469839888865,1280.0931681084323
2024-11-14,-0.020486369241556585,-0.008769216687322277,0.35135748175590475,0.3090839131008503,0.3395586051432448,0.5710953598670782,1521.9163495669352,1268.8677537373287
2024-11-15,0.010132512368520972,0.010141396229151806,0.3491741991823094,0.3107810809711968,0.34004471984649376,0.8382485410104918,1537.3371858027765,1281.7358443903731
2024-11-18,0.01699768892642977,0.010668885897606941,0.3476677791482333,0.31323893475340686,0.33909328609835976,0.40346145931360694,1563.468365062085,1295.410537865047
2024-11-19,-0.004859662685399585,-0.0051723736492415035,0.3464623012776887,0.3168855521782047,0.3366521465441066,0.7142857142857143,1555.8704361885902,1288.710190534044
2024-11-20,-0.011711404828561214,-0.011185070292133338,0.3451693770635345,0.31903133909344394,0.3357992838430214,0.8538275509245017,1537.6490076495954,1274.2958764667321
2024-11-21,-0.0012453950673797707,0.005994192374379692,0.3442500974422748,0.31788258348839754,0.3378673190693276,0.2857142857142857,1535.7340271601072,1281.9342510921524
2024-11-22,-0.0019817442660059856,-0.0037962283063095142,0.3434308452140928,0.3173075650399677,0.3392615897459394,0.2857142857142857,1532.6905950576725,1277.0677360013285
2024-11-25,0.01320436696509147,0.0011916086115038428,0.34321039355341115,0.3192723869997477,0.3375172194468411,0.2857142857142857,1552.928804118758,1278.5895009130213
2024-11-26,-0.008096982330920871,-0.00015045073965028573,0.34272914950825106,0.32284226141070577,0.33442858908104306,0.14285714285714285,1540.3547670306305,1278.3971361768997
2024-11-27,0.012496901885986015,0.0081622907229154,0.3421449828102051,0.3239264743584002,0.33392854283139456,0.5714285714285714,1559.6044294238231,1288.8317852617179
2024-11-29,0.017917359017839616,0.006155165224035314,0.3425232599007962,0.3262387403970291,0.33123799970217466,0.2857142857142857,1587.5484219116227,1296.764757845992
2024-12-02,0.008051897874156843,-0.0004437797912091858,0.34462218953698054,0.32834841187192165,0.32702939859109775,0.2857142857142857,1600.331199675134,1296.189279852508
2024-12-03,0.015605088878713985,0.007894150981299313,0.3468632535991496,0.3298997829850336,0.32323696341581665,0.7142857142857143,1625.3045102814433,1306.4215937280053
2024-12-04,0.005279676460839286,0.006626492139785859,0.34924564285748344,0.3317378959496261,0.31901646119289045,0.8562382434884911,1633.8855922460725,1315.0785861500904
2024-12-05,0.014628831598993487,0.01294206257360392,0.351540430840918,0.3335273106574425,0.31493225850163936,0.8556813527653448,1657.787429427062,1332.0984155012513
2024-12-06,-0.0025657272490426,-0.0029779015527728,0.3539989871315291,0.3356941193108689,0.3103068935576019,0.8454911678002655,1653.5339990462608,1328.131557561284
2024-12-09,0.008643125822312886,0.012355132509688239,0.35628635808623227,0.33727395443592456,0.30643968747784306,0.8571428571428571,1667.82570145149,1344.5407989452522
2024-12-10,0.028329970899832285,0.023845533703876286,0.3578746956450501,0.33794147032336175,0.30418383403158816,0.8571428571428571,1715.075155039603,1376.602091882738
2024-12-11,-0.006972160440027229,-0.004952009582750143,0.3592303607941817,0.33758163959454324,0.30318799961127496,0.8571428571428571,1703.1173758919624,1369.7851451321008
2024-12-12,-0.0025482512068197133,-0.002044136117294321,0.3603673507032367,0.3371412816852803,0.30249136761148293,0.9749751853833718,1698.7774049834902,1366.9851178440028
2024-12-13,0.019029079956968686,0.019617029595232188,0.3607226038156784,0.3350009969109049,0.30427639927341665,0.9646098446800516,1731.103576052013,1393.8013053569907
2024-12-16,0.0026587585672204575,0.004347442810794603,0.36037642773347583,0.3346617942483601,0.304961778018164,0.8571428571428571,1735.7061625155873,1399.860776821641
2024-12-17,-0.03870823296299784,-0.037086749104588715,0.35910582276172914,0.33431537712235765,0.30657880011591304,0.8571428571428571,1668.5200440216229,1347.9444914103021
2024-12-18,0.0030509244406576002,0.0010894864034725427,0.35621203437856325,0.33166345638523625,0.31212450923620044,0.8571428571428571,1673.6105726036553,1349.4130586063293
2024-12-19,0.0027582309108519715,-0.0016363918276305572,0.3567690131166543,0.32458838646376226,0.3186426004195833,0.8571428571428571,1678.2267770177398,1347.2048901051278
2024-12-20,0.014559794149000256,0.005863525752280599,0.35672692942987017,0.31929789489993426,0.3239751756701955,0.42857142857142855,1702.6614134264582,1355.1042606718574
2024-12-23,0.019552076771673754,0.013236312797459857,0.35709459821367223,0.31566199172493903,0.32724341006138874,0.42857142857142855,1735.9519800979388,1373.040844539281
2024-12-24,-0.005410192551255515,-0.0026944902886878548,0.3574566847565769,0.3151000835753414,0.3274432316680816,0.5290615856336138,1726.5601456258757,1369.341199317698
2024-12-26,-0.019401685628508403,-0.01311195977910659,0.3574516474201384,0.31308701391859833,0.3294613386612632,0.5281058251812842,1693.0619684617307,1351.3864525883707
2024-12-27,-0.012733542523550587,-0.006364265622739893,0.35597774483472405,0.31021521789176437,0.33380703727351146,0.377568608872845,1671.5032918913168,1342.7858702451263
2024-12-30,-0.014163863552066043,-0.001125623257302708,0.3539100367494,0.3070911792359107,0.3389987840146892,0.14285714285714285,1647.8283473381389,1341.274399240001
2024-12-31,-0.005160740398677686,0.0026614668019510077,0.3507811771783232,0.30173110254361496,0.3474877202780618,0.09284493138591662,1639.3243330159448,1344.8441565258852
2025-01-02,0.025080059387704672,-4.6422465692958314e-05,0.3487091649120225,0.2979708825109451,0.3533199525770324,0.0,1680.4386846436944,1344.7817255441664
2025-01-03,0.019602775085427744,0.0034727840812587563,0.3480789334572542,0.29723797568232063,0.3546830908604251,0.10264708646357855,1713.3799462236166,1349.4518621134036
2025-01-06,-0.0253823163789058,-0.011125536999000357,0.3467881525513318,0.3013929995054448,0.3518188479432234,0.40127502259664866,1669.8903943512962,1334.438485493091
2025-01-07,-0.0015609956459995712,-0.002874252299503404,0.3447549471200203,0.302661338545524,0.3525837143344557,0.5167428725655302,1667.2837027164173,1330.6029726076167
2025-01-08,-0.011941801671896814,-0.0029155302628057567,0.34365391222550556,0.3031369293715259,0.35320915840296846,0.3737679686366798,1647.373331407792,1326.7235593731998
2025-01-10,-0.004619485539040844,-0.0018621488078218258,0.342087417441884,0.301367854115335,0.3565447284427809,0.14285714285714285,1639.7633141259523,1324.253002678804
2025-01-13,-0.010014969486031172,-0.0033064782322089143,0.34051627840742776,0.2983985723899658,0.36108514920260637,0.14285714285714285,1623.3411345706675,1319.8743889515092
2025-01-14,0.0364096227626532,-7.142857142857143e-05,0.3391824645991548,0.293593716563203,0.36722381883764216,0.0,1682.446372895483,1319.7801122094413
2025-01-15,-0.018951271127598184,0.0,0.3389038926256783,0.2958685650412583,0.3652275423330633,0.0,1650.5618755250964,1319.7801122094413
2025-01-16,0.017429060967936914,0.006794822506217915,0.3382690079943531,0.2977134523050747,0.3640175397005721,0.42857142857142855,1679.3296190849753,1328.7477838191407
2025-01-17,0.0030572079373143426,-2.508889168572872e-05,0.33835788124261257,0.30181382577549687,0.3598282929818905,0.2857142857142857,1684.4636789258088,1328.7144470099151
2025-01-21,0.014500847571519928,0.010625645909690748,0.3387949998180401,0.305145200358231,0.3560597998237287,0.792637354602973,1708.8898299736738,1342.8328962389328
2025-01-22,0.0021964786562672714,0.002120097237545428,0.3394803089821992,0.3085660395030242,0.3519536515147765,0.7142857142857143,1712.6433700111234,1345.679832552734
2025-01-23,-0.004141194874517515,-0.0019849195725386757,0.3412393868167479,0.3120475405088277,0.34671307267442425,0.8046750879845812,1705.550980065357,1343.0087663147297
2025-01-24,-0.02898315657203457,-0.02285680381091008,0.34221509817380336,0.3144558691553304,0.3433290326708661,0.7942510539856542,1656.1187289685358,1312.3118784267415
2025-01-27,0.029849367836905442,0.01467806557925394,0.3425240865850338,0.3168027297983415,0.34067318361662463,0.7459313819818936,1705.5528260911058,1331.5740782387234
2025-01-28,-0.01009077540881743,-0.0019046523086958607,0.34282333462456466,0.32112990198976255,0.33604676338567263,0.42857142857142855,1688.3424755751466,1329.0378925964064
2025-01-29,6.234299658218577e-05,-0.005282358535016672,0.3428923693945756,0.3255012636497821,0.33160636695564216,0.7142857142857143,1688.4477319043312,1322.0174379410892
2025-01-30,-9.473066920449932e-05,0.003612479060564929,0.34292367696310083,0.32830003225401966,0.32877629078287945,0.7142857142857143,1688.287784120771,1326.7931982533532
2025-01-31,-0.018098676887182672,-0.005301552920226743,0.3432869298290012,0.3319119605976581,0.32480110957334063,0.5714285714285714,1657.7320090233916,1319.759133898616
2025-02-03,0.01694462099441197,0.010827653032800285,0.3433181165699678,0.3331450800084273,0.3235368034216049,0.5714285714285714,1685.8216496265982,1334.0490278873392
2025-02-04,-0.011312683935931114,-0.013827288612949814,0.3433053679584832,0.33588178049282275,0.320812851548694,0.42857142857142855,1666.7504821320224,1315.6027469549158
2025-02-05,0.007540679046480501,0.003643098007935143,0.343358416612821,0.3363725745652962,0.32026900882188275,0.5714285714285714,1679.3189125683468,1320.3956167015813
2025-02-06,-0.019018618741482574,-0.008778057395188258,0.3434401911714522,0.33775521318795143,0.3188045956405964,0.42857142857142855,1647.3805864248484,1308.80510819382
2025-02-07,0.004766987839918943,0.003232925955854743,0.3431089335916247,0.3384332014891679,0.31845786491920736,0.42857142857142855,1655.2336296480544,1313.036378199255
2025-02-10,-0.007665553346498829,0.00033505344046807145,0.3433071706716752,0.34023360003460923,0.31645922929371545,0.14285714285714285,1642.545347959068,1313.4763155552305
2025-02-11,0.0009129176268201426,0.0005794401509000177,0.34322690769397063,0.34136289770532874,0.3154101946007006,0.1834726544216343,1644.0448565600714,1314.2373964697194
2025-02-12,0.019596971597768544,0.001855824083138451,0.34305816199797246,0.34148174065180237,0.3154600973502251,0.18173852084678188,1676.2631569195369,1316.676389881049
2025-02-13,0.004644392859327715,0.004461569348831727,0.3437156593954954,0.3429938530957965,0.3132904875087081,0.3286189609707916,1684.0483815558878,1322.5508329044728
2025-02-14,-0.006112151808202628,-0.0038297141427796996,0.3442447546281682,0.3421823184422982,0.3135729269295335,0.3323383750879749,1673.7552221954602,1317.4858412751535
2025-02-18,0.003091463971260639,-0.0023368193912043436,0.34575277776796376,0.3393651857083264,0.3148820365237097,0.33294651321405333,1678.9295761615867,1314.4071148136247
2025-02-19,-0.0049458382856158575,-0.0009554215242830883,0.3472172443829597,0.33656380889791543,0.3162189467191247,0.3327536636241169,1670.6258619849539,1313.151301964461
2025-02-20,-0.025516470148368144,-0.002181720635997756,0.348280177172908,0.3337035137426142,0.3180163090844777,0.19088603457873127,1627.9973870485233,1310.2863726707778
2025-02-21,-0.0141575619130101,-0.001928353937114715,0.34790008793468397,0.32957398368701635,0.3225259283782996,0.32724567969353746,1604.9489132471651,1307.7596767852904
2025-02-24,-0.023444000797754754,-0.005583175951158337,0.34893898297437786,0.3206944348004952,0.3303665822251269,0.46587305685897035,1567.322489644643,1300.4582244079681
2025-02-25,-0.0012516946589309571,-0.004024389654641542,0.34962445657315355,0.3116247084573235,0.33875083496952285,0.14285714285714285,1565.3606804555325,1295.224673783367
2025-02-26,-0.031366594390682255,-0.0018187013028084142,0.3500225673280216,0.30527275754638,0.3447046751255982,0.14285714285714285,1516.2606469165614,1292.8690469817277
2025-02-27,0.02170983153841983,0.002733135207025029,0.35031141779086966,0.2994138517642555,0.35027473044487467,0.14285714285714285,1549.1784101294554,1296.4026328921063
2025-02-28,-0.0322309208231499,-0.002250605887612643,0.35074940959282547,0.29712150891773204,0.35212908148944244,0.14285714285714285,1499.2469634516397,1293.4849414938028
2025-03-03,-0.005915253200108729,-7.142857142857143e-05,0.3510296215922117,0.29468485911630793,0.3542855192914804,0.0,1490.378538053329,1293.3925497122673
2025-03-04,0.01839586808226474,0.0,0.3508014622818553,0.29219876452559,0.35699977319255455,0.0,1517.7953450319965,1293.3925497122673
2025-03-05,-0.029942272077120226,0.0,0.3506441993547845,0.291115581845736,0.3582402187994794,0.0,1472.349103853662,1293.3925497122673
2025-03-06,0.0030009122181950997,0.0,0.3506723312974887,0.28890893019398056,0.36041873850853073,0.0,1476.7674942688652,1293.3925497122673
2025-03-07,-0.05708108584027133,0.0,0.3514966452282367,0.2865502925711216,0.3619530622006416,0.0,1392.4720021623818,1293.3925497122673
2025-03-10,0.005510622508522243,0.0,0.3513906807314214,0.2860025149961505,0.3626068042724281,0.0,1400.1453897199847,1293.3925497122673
2025-03-11,0.026204092590136587,0.0,0.35140043333106846,0.2857120150151052,0.3628875516538263,0.0,1436.83492915186,1293.3925497122673
2025-03-12,-0.024926303221821117,0.0,0.3506712173205034,0.28707440032770304,0.3622543823517936,0.0,1401.019946028117,1293.3925497122673
2025-03-13,0.028955934100164928,0.0,0.3504450800302959,0.28780298503346957,0.3617519349362345,0.0,1441.5877872583235,1293.3925497122673
2025-03-14,-0.012226067530947642,0.0,0.3492644065954536,0.2905592377650178,0.36017635563952854,0.0,1423.962837619514,1293.3925497122673
2025-03-17,-0.025903194142197255,-0.0011771874576746732,0.34912334903180586,0.2916654197011722,0.3592112312670218,0.0338262784027471,1387.0776517853815,1291.8699842248961
2025-03-18,0.0178854814927741,0.000541570576584488,0.3491825048767634,0.29178863201496735,0.3590288631082692,0.03001597693499439,1411.8862034554293,1292.5696229971252
2025-03-19,-0.0005542450150524571,-1.5007988467497196e-05,0.34880025248678986,0.29403531237523334,0.3571644351379768,0.0,1411.103672565343,1292.5502241271297
2025-03-20,0.015408703088467743,0.0,0.3488962451487255,0.29525255161914593,0.3558512032321285,0.0,1432.8469500829488,1292.5502241271297
2025-03-21,0.037587777262411394,0.000983552698281451,0.34845498025726657,0.29850603359404665,0.35303898614868673,0.03170611909290529,1486.7044820937922,1293.821515387734
2025-03-24,0.012764254681669971,-0.00020840560968734726,0.34731913746672627,0.3042194316663777,0.34846143086689585,0.03487506966065067,1505.6811567396178,1293.551875725993
2025-03-25,-0.03075281574682907,-0.018775650621735945,0.3458460701124161,0.31050083680269835,0.3436530930848855,0.6056275471390714,1459.3772215529318,1269.2645976462709
2025-03-26,-0.004885926303450543,-0.002712554961578319,0.34445647103596533,0.3138223619388408,0.34172116702519384,0.8767682754043149,1452.24681199949,1265.8216476643697
2025-03-27,-0.034593643467483816,-0.008893210530453315,0.3432017939504383,0.31763877554118186,0.33915943050837977,0.2795746324822136,1402.0083035583896,1254.564429257685
2025-03-28,-0.004203432298691129,-0.002449830841854599,0.3425126496366042,0.3176678960834316,0.3398194542799642,0.5463094841966629,1396.1150565721791,1251.490958625796
2025-03-31,0.016797354312185927,0.008654461954179102,0.34159820823856035,0.31611763910468943,0.3422841526567502,0.5387733264625745,1419.5660958379997,1262.321939513222
2025-04-01,0.010711771623491672,0.006961537746749241,0.3399394916457076,0.3185232889246191,0.3415372194296732,0.26795929209908503,1434.772163661068,1271.1096413436933
2025-04-02,-0.06693092332770414,-0.02103778356792887,0.3388542214493789,0.3196274928215315,0.3415182857290895,0.2857142857142857,1338.7415379823449,1244.3683118179972
2025-04-03,-0.058901682802014285,-0.022838515529291226,0.3374898078017802,0.3208396162956778,0.34167057590254196,0.26199756670099295,1259.8874085582281,1215.9487868043839
2025-04-04,0.0032946767613942995,-0.00013099878335049648,0.3364733037052162,0.3245207974900287,0.33900589880475496,0.0,1264.0383303251783,1215.789498992696
2025-04-07,-0.024744173179784387,0.0,0.3358020489319289,0.32734905951017007,0.336848891557901,0.0,1232.7607469737266,1215.789498992696
2025-04-08,0.14755718987440472,0.0,0.33484361735558815,0.3262547465571807,0.3389016360872311,0.0,1414.6634585846418,1215.789498992696
2025-04-09,-0.05055416301131916,0.0,0.3345041965875374,0.3269412984497238,0.3385545049627387,0.0,1343.1463314931973,1215.789498992696
2025-04-10,0.019074613514783116,0.0,0.33731742177643503,0.32818674176985196,0.33449583645371295,0.0,1368.7663286602287,1215.789498992696
2025-04-11,-0.0008933473588712572,-0.0015550569656451864,0.3399296875243087,0.3305611061581408,0.3295092063175504,0.7894334341554842,1367.5435448756082,1213.8988770635292
2025-04-14,-0.005255657208916113,-0.007313849038997996,0.34180799492920005,0.33260738774347176,0.32558461732732813,0.7991513765760455,1360.356204785476,1205.0206039280774
2025-04-15,-0.03983879958792546,-0.01004291813646264,0.3436788455106322,0.3329484935885242,0.32337266090084354,0.3125719476017115,1306.1612465748365,1192.918680650077
2025-04-16,-0.0073548905221515,-0.004099210442198209,0.34483439003807176,0.3321170551531404,0.3230485548087878,0.3066865236303535,1296.5545736020015,1188.028655937663
2025-04-17,-0.033258057275479085,-0.014549769100248472,0.3466520499344305,0.3280247287641414,0.32532322130142804,0.5771654625320869,1253.4336873323616,1170.7431133092914
2025-04-21,0.030706260770765357,-0.0002885827312660434,0.3482634336717593,0.32290440345434224,0.3288321628738983,0.0,1291.9219489944512,1170.4052570640415
2025-04-22,0.035096945692277025,0.01597801737295715,0.34991999909429533,0.32123977139894805,0.32884022950675657,0.5641219387765602,1337.26446347697,1189.106012594811
2025-04-23,0.02957828135287287,0.0021694344575258896,0.35023555486444824,0.32228689309466063,0.32747755204089096,0.13010509072087803,1376.8184480208902,1191.6857001521855
2025-04-24,0.03051763040218333,0.014226751144475242,0.35030149063395716,0.3244364668819633,0.32526204248407936,0.6591021631452936,1418.8356845484993,1208.6395160506802
2025-04-25,-0.0036535224073003143,0.0003219418009736829,0.3480224483115096,0.3271756154940954,0.3248019361943949,0.14186225836038438,1413.651936582724,1209.0286276332054
2025-04-28,0.005818636178001285,0.004173985959365105,0.3462330127227696,0.3281573284300335,0.3256096588471969,0.8325488529585968,1421.8774628840258,1214.0750961494166
2025-04-29,-0.008523438566477514,-0.007646281454109245,0.34508853419219854,0.329928620221219,0.32498284558658247,0.6765926650138293,1409.758177680075,1204.7919362578334
2025-04-30,0.02690838709144913,0.005907342419663957,0.34385295080445893,0.33171495915179217,0.32443209004374873,0.3775847859986709,1447.6924964304262,1211.9090547697585
2025-05-01,0.013533217349244914,0.0029996777395063998,0.34328141426166525,0.3346189856101723,0.32209960012816236,0.3756152169550641,1467.28443363949,1215.544391383658
2025-05-02,-0.010541762877303015,-0.008588843129562387,0.3422505914291505,0.3389324051365408,0.3188170034343086,0.820996687538553,1451.8166690665048,1205.1042712890444
2025-05-05,-0.008794792375080686,-0.007508436391031869,0.3416897627118802,0.34167656190624446,0.31663367538187526,0.7956701550604685,1439.0482428953837,1196.0558225235097
2025-05-06,-0.0019361584653837388,-0.004361485046571167,0.3413341366809772,0.33940858446363464,0.31925727885538796,0.6749074405743503,1436.2620174578062,1190.839242938709
2025-05-07,0.012892824765179741,0.009843675807143185,0.34188576582084595,0.3371034646807907,0.32101076949836316,0.6778056379525117,1454.7794919657736,1202.5614783846218
2025-05-08,0.004793087227576328,0.0037981963315989247,0.34329038861253725,0.3360090947283765,0.32070051665908617,0.5445422046959587,1461.7523769676545,1207.1290429803444
2025-05-09,0.058049733362638085,0.03486416960925802,0.3454192272506069,0.3334920010795181,0.3210887716698748,0.5602446690437706,1546.6067126928297,1249.2145946750722
2025-05-12,0.023043614255329574,0.01375300342357052,0.34526561657694754,0.3356728424538575,0.31906154096919487,0.5918784278391535,1582.2461211848267,1266.3950472724127
2025-05-13,0.017772133278710987,0.007873518015772735,0.34491262582548615,0.3380762704166066,0.31701110375790714,0.7155334040726763,1610.366010130247,1276.3660314921976
2025-05-14,-0.010828569933936157,-0.009078029687675737,0.3447059156525136,0.34065757689210774,0.31463650745537863,0.7181364934367369,1592.928049170318,1264.7791427659704
2025-05-15,0.0052686208718243,0.004764242887038639,0.3445724997861394,0.34182760981213195,0.3135998904017286,0.8588013082120626,1601.3205831374908,1270.8048578005682
2025-05-16,-0.0025546728482644713,-0.0023089096081542687,0.34532287850086085,0.34307567370163855,0.3116014477975005,0.858885307074555,1597.2297329223823,1267.8706842543036
2025-05-19,-0.006450160918564929,-0.005156682867863377,0.3456786476968305,0.3450904813533176,0.3092308709498518,0.8541404061247315,1586.9273441211164,1261.332677218143
2025-05-20,-0.010039463112543714,-0.00699419490618379,0.34560809159405126,0.3463051348513034,0.30808677355464537,0.849527905802767,1570.9954455875256,1252.5106706321408
2025-05-21,0.007668792279359757,0.006972299315028421,0.34483573288526653,0.34561129033185983,0.30955297678287347,0.8387293749263044,1583.0430833315565,1261.2435499230553
2025-05-22,-0.013783725201366387,-0.010957495248849624,0.3464878036746288,0.3425787542110864,0.31093344211428475,0.838272972949501,1561.2228524889906,1247.4234797171312
2025-05-23,0.032252566385382646,0.02500455360750457,0.3468316709700969,0.3386396104576549,0.31452871857224807,0.7452666517671283,1611.5762961812682,1278.614746986978
2025-05-27,-0.005035680138874428,-0.004633687529753289,0.3465708008002168,0.3377044942333608,0.3157247049664224,0.7484604962211235,1603.4609134343073,1272.6900457785057
2025-05-28,0.005926934824554901,0.0015590450483272034,0.3463884918677008,0.33526671758513865,0.3183447905471604,0.4621773415223175,1612.9645217619536,1274.674226892432
2025-05-29,-0.007810091425255185,-0.005432342127181674,0.3472012386509933,0.3333694343321102,0.31942932701689636,0.46570885725105216,1600.3671213812997,1267.7497603912516
2025-05-30,0.005981930708075772,-0.00275140324441474,0.3487623933844114,0.332290574222142,0.3189470323934466,0.4621717442924798,1609.9404066088853,1264.261669587405
2025-06-02,0.0021519949599503856,-0.00312155083046534,0.3496983107561998,0.33193925774243904,0.3183624315013612,0.42857142857142855,1613.4049902497284,1260.315212522779
2025-06-03,0.002782136971288086,0.006563014582171788,0.35067274106625773,0.33096810357996526,0.318359155353777,0.46392144253328776,1617.8937039227628,1268.586679640699
2025-06-04,-0.022769913524944316,-0.001322299289968625,0.35219665187631544,0.3318117433210253,0.31599160480265914,0.1787187940446832,1581.0544041918897,1266.9092283749467
2025-06-05,0.02143743092520456,0.012299297368768837,0.35370415176576936,0.33303912091500393,0.31325672731922655,0.6057038908764055,1614.9481487707437,1282.4913217139674
2025-06-06,0.010103350303586443,0.002410152016370376,0.3529826216844249,0.33835068765079124,0.30866669066478375,0.46421652442974726,1631.264535639903,1285.582320758974
2025-06-09,0.013918237917777914,0.0043351546505526846,0.35184370516925995,0.3451643200798536,0.30299197475088635,0.6893369015637327,1653.9688635537727,1291.1555189354808
2025-06-10,-0.008763721097505015,-0.005392204430189118,0.35279178532338223,0.3498468550497158,0.2973613596269019,0.6089183185747504,1639.4739417296303,1284.193344426214
2025-06-11,-0.0003048499515676282,0.0009809921624958722,0.35217195605835194,0.3531991095912533,0.2946289343503947,0.6079648960149348,1638.9741481778974,1285.4531280322255
2025-06-12,-0.007110807186191529,-0.00573109377433297,0.3519788399036648,0.35504037947245315,0.292980780623882,0.609770594473161,1627.3197190270519,1278.086075612963
2025-06-13,0.0156561796612704,0.010492125946875906,0.3514039343123963,0.35303395163476037,0.2955621140528432,0.6071489416110152,1652.7973289144675,1291.4959156892428
2025-06-16,-0.010943178631728329,-0.002391091312493133,0.35165783596212735,0.3523241773815938,0.2960179866562788,0.4665117653319161,1634.7104725021131,1288.4078310251177
2025-06-17,0.0013018968327358,-0.0005222820180688415,0.35167940225880245,0.3490962182423801,0.2992243794988174,0.7517343292790548,1636.8386968887037,1287.7349187830343
2025-06-18,-0.009348238958050484,-0.011513011888348046,0.3517809813042883,0.3455071033531668,0.30271191534254477,0.6100291801255213,1621.5371376144042,1272.9092113540444
2025-06-20,0.01631977854011233,0.003968736657879346,0.35113386577871203,0.3413736578398581,0.30749247638142974,0.60861297021493,1648.0002645948389,1277.9610528032974
2025-06-23,0.0077983586107261,-0.00147249445549202,0.35033136354765126,0.3370308541571504,0.3126377822951983,0.3231660606839876,1660.851961648721,1276.0792622387098
2025-06-24,0.0044182271681786,-0.0038103907062725347,0.3496478298125529,0.33511497274715774,0.3152371974402893,0.46918366739112966,1668.189982908,1271.2169016774085
2025-06-25,0.010352043516521556,0.004451379192157393,0.34869509619200606,0.3338118279131419,0.31749307589485193,0.47495928921403335,1685.4591582048893,1276.875570142254
2025-06-26,0.010853646405643957,0.0018072856465730575,0.34852270229188304,0.3348507091033673,0.3166265886047496,0.33280214798316765,1703.7525359391993,1279.183249032632
2025-06-27,-0.002562133553591543,-0.0012064755333715447,0.3487725022198783,0.3362365585507993,0.31499093922932225,0.47841919028049124,1699.3872943998529,1277.6399457399752
2025-06-30,-0.014829442220911471,-0.006369828345812892,0.34906954576733185,0.33873325464136206,0.31219719959130604,0.6215257205481476,1674.1863287065992,1269.501598597858
2025-07-01,0.014478169562309129,0.0034873724514426093,0.34855417178936,0.3390739146583911,0.3123719135522488,0.6995352737626687,1698.4254822525131,1273.9288234998705
2025-07-02,0.008831718198608186,0.0066521404371915815,0.3481524256395395,0.34061267684105717,0.31123489751940314,0.5669824610437376,1713.4254974931025,1282.4031769407777
2025-07-03,-0.015687290286148355,-0.0045564875174966225,0.347984432772388,0.3435486664545939,0.30846690077301797,0.7136914773280779,1686.54649433024,1276.5599228726492
2025-07-07,-0.0009347744405364427,-0.0038688403688381377,0.3480264863845969,0.3453276796289413,0.3066458339864617,0.7069104541765758,1684.9699537745637,1271.6211163097985
2025-07-08,0.0107194850270341,0.009697273408323825,0.3482692428153879,0.3462943331975377,0.3054364239870743,0.7088468666941381,1703.0319639650525,1283.9523739464528
2025-07-09,0.007657054448067742,-9.289628752501947e-05,0.34864046700402546,0.3480426173642511,0.3033169156317234,0.7136370055841859,1716.0721724399323,1283.833099537554
2025-07-10,0.004005127643741314,0.0022088584283143594,0.34898811328171203,0.34963377530447215,0.30137811141381565,0.716916863132662,1722.9452605364268,1286.6689051000167
2025-07-11,0.0011953232378990428,0.0007589945561585397,0.3493691234019129,0.3507784473602457,0.2998524292378413,0.7159644718816974,1725.0047370439738,1287.645479794566
2025-07-14,0.0028220201078589294,0.003955040067392577,0.3500425901546374,0.3518863817296273,0.29807102811573527,0.5683080968822588,1729.8727350980641,1292.7381692597505
2025-07-15,0.0034901823476072287,0.0043144775600939865,0.3509465397942034,0.3529302111477965,0.296123249058,0.7195758469820956,1735.9103063817104,1298.3156590820988
2025-07-16,0.002590844106513586,0.0031227199610626244,0.35198893806534187,0.35406793808523457,0.2939431238494235,0.5790869005012922,1740.4077793684355,1302.3699353064746
2025-07-17,0.007593008329218757,0.005370621897515116,0.353422407913025,0.35524876284794427,0.29132882923903075,0.5810070561389108,1753.6227101334175,1309.3644717996967
2025-07-18,0.00718201678084335,0.0048835343775618005,0.3549838201540759,0.3563030161005728,0.2887131637453512,0.6375931929650351,1766.2172578648635,1315.7587982104885
2025-07-21,-0.0039456883856100996,-0.0016208578044832392,0.35653046262147126,0.35848479687353224,0.2849847405049964,0.6362229309142864,1759.248314944042,1313.6261402935916
2025-07-22,0.0048677370674556995,0.001228751508945774,0.35641024772823565,0.35929515062194944,0.2842946016498149,0.7175600421772527,1767.8118731775544,1315.240260395668
2025-07-23,-0.003912702973563214,-0.005429942320689384,0.35737478928379623,0.35994393559267573,0.282681275123528,0.7215576015791629,1760.8949504046723,1308.0985816438708
2025-07-24,0.005550242935875658,0.005136688646387528,0.35837158040123296,0.360619611452582,0.281008808146185,0.5806781334129694,1770.668345163975,1314.8178767765567
2025-07-25,0.008142397132429187,0.0012358796174732566,0.35981093721543,0.36143436414504454,0.27875469863952546,0.5817665156169607,1785.0858300201214,1316.4428333911542
2025-07-28,-0.007014640760012757,-0.0023439256404223954,0.3619567512636764,0.3622921890771625,0.2757510596591611,0.7292301246577242,1772.5640941967408,1313.3571892798184
2025-07-29,-0.0001300041322199856,-8.648550412827234e-05,0.36194526561391555,0.36101173230143135,0.2770430020846531,0.7234252853946156,1772.3336535398705,1313.243602921203
2025-07-30,0.013832248736112742,-0.0012658365462359903,0.361911137636687,0.3585159450886227,0.2795729172746902,0.7255297850821376,1796.8490134790175,1311.5812511745148
2025-07-31,-0.030236487304265314,-0.01820143814327701,0.3599820244873159,0.35505075200616026,0.2849672235065238,0.5013985203637231,1742.5186110952775,1287.70858616138
2025-08-01,0.019544201396640183,0.012908053848496776,0.35687962721865013,0.34982215715703463,0.2932982156243152,0.6382882836997882,1776.5747457679174,1304.3303979327225
2025-08-04,-0.005265898972110628,-0.0055536948190130515,0.35361363008616137,0.34909509483127055,0.297291275082568,0.5038029543473954,1767.2194826403004,1297.0865449594423
2025-08-05,0.020978592009008274,0.0012355301365407502,0.3499810640895863,0.34865373206386685,0.30136520384654675,0.35836634962524244,1804.2932591569818,1298.6891344754415
2025-08-06,0.004515038508820757,-0.0024376077383050747,0.34752415851139806,0.348848392434271,0.30362744905433087,0.36002057391295245,1812.4397127032814,1295.5234397915913
2025-08-07,0.015857932695281313,0.002142673129060655,0.3457955890965137,0.3487591351938402,0.30544527570964597,0.21912865199868495,1841.1812596815848,1298.2993230541008
2025-08-08,0.0004730310007039426,0.0015031927352339538,0.3448855859882597,0.34889992221298277,0.3062144917987574,0.7140813660397988,1842.0521954953294,1300.250917164675
2025-08-11,0.011498052292165,0.008130705708326776,0.34404578473549446,0.3479237592606789,0.30803045600382656,0.5813808999387435,1863.232207964032,1310.822874719123
2025-08-12,-0.0026549991329028284,-0.0052287694382568495,0.34398631409268443,0.34909849568714163,0.3069151902201739,0.7287661895547366,1858.285328067491,1303.9688841328236
2025-08-13,0.0040761305686928,-2.2805110758266642e-05,0.34363320041745127,0.34870330001094374,0.30766349957160494,0.7307230053016873,1865.85994169858,1303.9391469779957
2025-08-14,-0.003458228300339343,-0.0025390474302940994,0.3438060295178595,0.35009902988517555,0.3060949405969648,0.7253799309819355,1859.4073720437286,1300.6283836376015
2025-08-15,-0.0012970438235792995,-0.0011802293674208965,0.3443767528600463,0.35128220396270554,0.3043410431772481,0.7133433837306546,1856.9956391963015,1299.0933438231311
2025-08-18,-0.016182972463254928,-0.011687625245998418,0.34594415631420955,0.3491637295930254,0.3048921140927649,0.7218046537498987,1826.9439299028031,1283.9100276609554
2025-08-19,-0.0114371568842821,-0.008035170432895523,0.34630129150945493,0.3444849684060614,0.3092137400844836,0.5594375716401359,1806.048885557718,1273.593591768196
2025-08-20,-0.005425189356749458,-0.0026691065429031583,0.34547645108423813,0.3377325494458586,0.31679099946990313,0.4775359485972996,1796.250728366021,1270.194234779408
2025-08-21,0.026003728708769613,0.00531450531088215,0.34499116209966235,0.32928840331978576,0.3257204345805517,0.2145547867264896,1842.9599449993807,1276.944688785995
2025-08-22,0.0038365649144669572,0.001464769064067311,0.34430865957095425,0.3265911761385833,0.3291001642904624,0.21774546172356118,1850.0305804631334,1278.8151178626538
2025-08-25,0.004079335834893429,0.001049173568615742,0.34380944565221355,0.32419727457586,0.3319932797719264,0.39900009710819084,1857.5774765056651,1280.1568168834615
2025-08-26,0.00031557781243065714,-0.0002150215454964195,0.3431756799686595,0.32164531922583406,0.33517900080550633,0.4050707307017677,1858.1636867421212,1279.8815555862172
2025-08-27,0.0046199266095015715,0.0026334603220014986,0.3440997982661252,0.32059743365649396,0.33530276807738085,0.4701783831901199,1866.7482666033106,1283.2520728797151
2025-08-28,-0.01394153128558563,-0.006860218071699088,0.34505594133701273,0.32077626042717267,0.33416779823581455,0.46359000563602226,1840.722937242148,1274.4486838188004
2025-08-29,-0.01067442462270997,-0.0024713040235117465,0.3439823869676113,0.3218280591061035,0.3341895539262851,0.2400437119658634,1821.0742789972633,1271.29913365872
2025-09-02,0.021265467965966685,0.0157872840434776,0.34216854091894133,0.31970974925571694,0.3381217098253416,0.21691281030125878,1859.8002757409256,1291.369494186017
2025-09-03,0.013684229402290271,0.000978688053087128,0.34260411053717493,0.3187383953270282,0.3386574941357968,0.14285714285714285,1885.250209356607,1292.633342082098
2025-09-04,-0.0020129791303709435,0.00158712575480067,0.3449813670554184,0.31915583823583316,0.33586279470874836,0.22657427813407335,1881.4552400296448,1294.6849137508302
2025-09-05,0.0008136213183226143,-0.0002121120793624352,0.3460839396167517,0.32130436422898834,0.3326116961542599,0.46131908206653055,1882.9860321224023,1294.4102954416555
2025-09-08,0.0076653417599900145,0.0032528915382867775,0.34974763940283765,0.3173499500889209,0.3329024105082414,0.14285714285714285,1897.4197635879082,1298.6208717387688
2025-09-09,-0.005789749803899356,-0.00027423538599845716,0.35356906121291104,0.31199833176025665,0.3344326070268323,0.14285714285714285,1886.4341778837604,1298.264743942742
2025-09-10,0.011012806225710398,0.000716769038775457,0.35580288457034276,0.3082267660809449,0.33597034934871234,0.14285714285714285,1907.2091119423515,1299.1952999153339
2025-09-11,0.016106261155105602,0.00025555613703912857,0.3597620327502085,0.3013401980549844,0.33889776919480713,0.14285714285714285,1937.9271199766918,1299.5273172474394
2025-09-12,0.018355283562702045,0.011086692977943183,0.3624296416712755,0.29629318409272704,0.34127717423599746,0.43142873075521626,1973.4983217877148,1313.9347776302122
2025-09-15,0.004884300261461957,0.0024250917756041403,0.366347705101655,0.2898713667740638,0.3437809281242812,0.2415304778935847,1983.1374801568174,1317.1211900531234
2025-09-16,-0.004545818136751571,-0.0018539965067263743,0.3703965451270242,0.28412207246146776,0.345481382411508,0.5953822112419426,1974.1224978318485,1314.6792519678297
2025-09-17,0.0028907457327355286,-0.0009574365179993272,0.37418686640262644,0.2777124759498898,0.3481006576474837,0.6226578573770237,1979.8291840183533,1313.4205300425397
2025-09-18,0.012084824719915685,0.0033654274084466856,0.3778414398045588,0.27036764082822706,0.351790919367214,0.3896794573589988,2003.755072682589,1317.8407514931614
2025-09-19,0.007601944509961629,0.0005259277045618559,0.38170984056324736,0.2653335021020697,0.3529566573346829,0.8158685622706285,2018.9875075566758,1318.5338404545723
2025-09-22,-0.01580803596672517,-0.012707074170198075,0.382225415935833,0.26347434149231347,0.35430024257185355,0.8428804073692674,1987.071280420851,1301.779133148
2025-09-23,0.0016868608480748147,0.0018677998864347553,0.3798133477914543,0.2639837732049078,0.3562028790036379,0.6831790003086525,1990.423193166127,1304.210596065057
2025-09-24,-0.008293115576352043,-0.007723908567443891,0.37810739555556366,0.26265818346313285,0.35923442098130337,0.6957750956602988,1973.9163835793486,1294.136992668359
2025-09-25,0.007124414269595857,0.004607023254730174,0.3744559145832585,0.263724730100291,0.3618193553164505,0.6801395579921216,1987.9793816295103,1300.0991118883887
2025-09-26,0.004190274146075757,0.0022380572642330837,0.3720535255329201,0.26482169143801165,0.36312478302906825,0.4090551114051009,1996.3095602352844,1303.0088081499734
2025-09-29,0.0012835408959065433,0.002907273828732483,0.3691312680418048,0.26710646641062236,0.36376226554757274,0.4144081308861338,1998.8719051967357,1306.797011556516
2025-09-30,0.004618396691988801,0.005202581376854679,0.3658666679509975,0.2706987379019091,0.36343459414709345,0.4213490865170687,2008.1034885914057,1313.5957293521692
2025-10-01,-0.0026400460735928285,-0.007246619181389426,0.3644669649550694,0.27549316090705017,0.36003987413788036,0.43886856312899514,2002.8020028609822,1304.0766013432544
2025-10-02,-0.007342210797814185,-0.0035058478576001843,0.3647711775430905,0.2795578536876814,0.35567096876922805,0.7000545469181729,1988.0970083696923,1299.5047071842887
2025-10-03,0.013449754286525385,-0.0003500272734590865,0.36544056714542766,0.2817922558197243,0.352767177034848,0.0,2014.8364246300407,1299.0498450947855
2025-10-06,-0.010706412249269158,-0.0003248548150539092,0.36646432443013727,0.28414790904216364,0.34938776652769893,0.1565902348107692,1993.264755253108,1298.6278424976115
2025-10-07,0.008613394061717985,0.0020982563166565835,0.3670700155553473,0.28672743459788924,0.3462025498467634,0.45599192892983004,2010.4335300594366,1301.352696571118
2025-10-08,0.0016080859027167284,0.00043383164844436865,0.36843545223488217,0.29037506516035627,0.3411894826047615,0.20999627378650557,2013.6664798774743,1301.917264556679
2025-10-09,-0.03783331823554343,-0.017074773762877405,0.36820618067187233,0.29328663945787875,0.33850717987024886,0.4499615669778532,1937.4827951240231,1279.6873218063895
2025-10-10,0.023149754880513854,0.006693342570001606,0.36411363979368583,0.29705057987123923,0.33883578033507483,0.4727962832831306,1982.3350469163574,1288.2527074337277
2025-10-13,-0.011576747860133327,-0.00023639814164156533,0.3629163644904628,0.29733099646013367,0.33975263904940345,0.0,1959.3860539039013,1287.9481668877256
2025-10-14,0.007175008975212443,0.0,0.3618993611662109,0.29715204261527045,0.3409485962185186,0.0,1973.444666426568,1287.9481668877256
2025-10-15,-0.0036927033210280144,0.0,0.36113275636361797,0.29657388450087663,0.34229335913550535,0.0,1966.1573207529893,1287.9481668877256
2025-10-16,0.009036565697411314,0.0,0.3612136777799447,0.29385614785326647,0.34493017436678886,0.0,1983.9246305534202,1287.9481668877256
2025-10-17,0.0158937373882088,0.0017615103778183428,0.36097718573063625,0.2931552047652447,0.345867609504119,0.14285714285714285,2015.4566076294357,1290.2169009497904
2025-10-20,-0.0016845453040291003,-0.004520723334747818,0.36058615663025523,0.2924792344376207,0.34693460893212386,0.3984003325247091,2012.0614796655789,1284.3841872987807
2025-10-21,-0.005315704597683058,-0.0015273139338551668,0.36019901402141113,0.29211339784181967,0.3476875881367691,0.47439677002881603,2001.3659552072997,1282.422529433096
2025-10-22,0.008339469650909842,0.005508818356447926,0.3590353369578401,0.2923047264732898,0.34865993656887,0.602327474764684,2018.0562858511153,1289.4871622039593
2025-10-23,0.007705636092718686,0.0025094411786862098,0.35865064860205204,0.2929320347094061,0.34841731668854176,0.6190941505186632,2033.6066932045078,1292.723054388181
2025-10-24,0.024892858867714716,0.01747958835741872,0.3592269550156701,0.29325375573512874,0.3475192892492011,0.7507131276692827,2084.2289776108873,1315.3193212390318
2025-10-27,0.013218832648726957,0.00873433319567876,0.3583875524118914,0.29572060975736786,0.3458918378307406,0.8376854957892054,2111.780051667553,1326.8077584494476
2025-10-28,0.009293513204534185,0.007090796382271322,0.35765096833950066,0.2980302673184839,0.34431876434201525,0.8567125148071548,2131.405907462797,1336.2158821030303
2025-10-29,-0.029967992694007583,-0.02822300133124141,0.35724957683601083,0.3004145235810473,0.34233589958294186,0.8664775390765552,2067.5319507999875,1298.5038594836105
2025-10-30,0.012019940531197143,0.014275388973826181,0.3544658789810941,0.30625275639448735,0.33928136462441844,0.6942814836720136,2092.383561894953,1317.0405071617536
2025-10-31,0.010541615940890356,0.010998894829720943,0.3528286639148108,0.3086039152571943,0.33856742082799485,0.709695987061623,2114.440665805482,1331.526497186508
2025-11-03,-0.021300973160691582,-0.015976115603155625,0.35118229391085365,0.3109063421080317,0.33791136398111454,0.7253525038703498,2069.4010219332845,1310.2538759387917
2025-11-04,0.007240523631168614,0.006736775544026846,0.34922285914258683,0.31281833556303545,0.3379588052943777,0.5465517914472844,2084.384568934957,1319.0807622066825
2025-11-05,-0.020931495508753485,-0.003997482465705428,0.3486531516032151,0.312885262093846,0.33846158630293877,0.2857142857142857,2040.7552826917797,1313.807759988912
2025-11-06,-0.007492035998950701,-0.006962317421638461,0.3477501485361875,0.31321561468814524,0.3390342367756671,0.5567882721378249,2025.4658706488042,1304.6606133328573
2025-11-07,0.027206236206633087,0.0159963667932147,0.34721541733177247,0.3104770821689513,0.3423075004992761,0.5385960832573993,2080.571173554149,1325.5304430443905
2025-11-10,-0.002244598779051871,-0.0009071523914519127,0.34753322742793447,0.3107701460173747,0.34169662655469085,0.5668390445536745,2075.901126038259,1324.3279849330402
2025-11-11,-0.011873249769162656,-0.004933132443742492,0.3476694426902019,0.31204652835169294,0.34028402895810517,0.35740091299168963,2051.25343347272,1317.7948995844108
2025-11-12,-0.02479523042441783,-0.008192066291966107,0.3466025760165471,0.3134577022151201,0.3399397217683327,0.38051837568701935,2000.3921319308859,1306.9994364078007
2025-11-13,0.002096119991021357,-0.00019025918784350968,0.34601359864927045,0.31343402935648496,0.3405523719942445,0.0,2004.5851938685084,1306.7507677565177
2025-11-14,-0.0028205684727836866,-0.002589390361096714,0.34722589190499226,0.3090684778752211,0.34370563021978645,0.7376030264849579,1998.9311240696738,1303.3670799141332
2025-11-17,-0.018285310779279914,-0.000368801513242479,0.3471258953547198,0.3064191079820097,0.34645499666327034,0.0,1962.3800472396847,1302.8863961627505
2025-11-18,0.006323454186630928,0.0,0.3469200854008,0.3036927845385503,0.34938713006064964,0.0,1974.7890675651631,1302.8863961627505
2025-11-19,-0.016598674581407156,-0.002859134669946239,0.3475961950101317,0.30170816853272125,0.35069563645714696,0.37293779317558506,1942.0101864657283,1299.1612684964805
2025-11-20,0.006650413105856415,0.004924067368768094,0.34720286055016436,0.2995356386019332,0.3532615008479024,0.14285714285714285,1954.9253564615067,1305.5584261054512
2025-11-21,0.0327379524324088,-7.142857142857143e-05,0.3471191987447905,0.29798066323860856,0.35490013801660086,0.0,2018.9256097902532,1305.465171932158
2025-11-24,0.00801591365415,0.0021078930202593285,0.3481000935884497,0.2936376154439889,0.3582622909675614,0.14285714285714285,2035.109143152484,1308.2169528562654
2025-11-25,0.004809072235351415,-0.0015414492038538427,0.34959359059250794,0.2884410932851363,0.3619653161223558,0.14285714285714285,2044.8961300287283,1306.2004028758172
2025-11-26,0.007070219489085513,0.0032644308642755713,0.3514121140343904,0.2841317573260805,0.36445612863952903,0.2857142857142857,2059.3539945004127,1310.464403785894
2025-11-28,-0.000523045219714197,-0.0027411402484802277,0.3533493827481186,0.28098778132010516,0.3656628359317762,0.47716805207755086,2058.2768592378898,1306.872237064476
2025-12-01,0.005575859727485329,0.002547493016807355,0.3542790071920215,0.28048454344301904,0.36523644936495947,0.48139408994727134,2069.7535222853294,1310.2014849622572
2025-12-02,-0.0014144317472980863,0.005326626604647605,0.35746249548524106,0.2766611524566088,0.36587635205815,0.3411923883734747,2066.825997194327,1317.180439049506
2025-12-03,0.006699041049741857,0.004963493612096518,0.3604957032520505,0.2734137112148735,0.3660905855330759,0.4978523054163726,2080.6717493922056,1323.718255744707
2025-12-04,0.003575346003581,0.003941861102080295,0.3628039157585164,0.26987718029737134,0.3673189039441122,0.6449508178188639,2088.110870816159,1328.9361692471407
2025-12-05,-0.006827783215203671,-0.00764638318922229,0.3664273590791867,0.2656813076654047,0.3678913332554085,0.8535611379525853,2073.8537024609163,1318.7746140630597
2025-12-08,0.0013664609105141286,0.0013618860621689617,0.36772916782134385,0.2636507591536819,0.3686200730249742,0.8391007700765397,2076.6875424794544,1320.5706348290944
2025-12-09,0.00035713400961281456,0.00013321056201511715,0.36906588548056657,0.2629628599742678,0.3679712545451656,0.8430113709631705,2077.4291982282134,1320.7465487855407
2025-12-10,-0.006405517311469085,-0.004929615626402837,0.3695132513495642,0.2648936378262912,0.3655931108241445,0.8495489461069518,2064.122189535611,1314.2357759601298
2025-12-11,-0.007968180414107956,-0.004701002619202642,0.36816866461518505,0.26730146569087576,0.3645298696939391,0.6972256492993055,2047.6748915326275,1308.0575501350916
2025-12-12,0.0009224167486618858,0.0024007899508783994,0.3658505218751274,0.270412212853622,0.3637372652712506,0.6195472526669913,2049.563701148392,1311.1979215566266
2025-12-15,0.007645780500641677,0.004131063050135558,0.36275618494045414,0.27384841328561177,0.3633954017739339,0.14285714285714285,2065.234215329455,1316.6145628417837
2025-12-16,-0.020649337091302927,-0.008330828215711114,0.3595932608757529,0.279415546561614,0.3609911925626331,0.2857142857142857,2022.5884978446245,1305.6460730924452
2025-12-17,0.019738187982750757,0.008181780492707276,0.35489897857689284,0.28561506591117874,0.35948595551192825,0.2848044052030483,2062.510729826831,1316.3285826636532
2025-12-18,0.007697955768280458,-0.0007132091250346472,0.35240578239286047,0.29193708266003565,0.3556571349471037,0.14285714285714285,2078.3878461966415,1315.3897651069533
2025-12-19,0.005152344768772243,0.0032850813195883857,0.351842117060129,0.29669104594043044,0.3514668369994404,0.7972348356174646,2089.096416943473,1319.7109274522838
2025-12-22,0.009838321413446843,0.001133446872704291,0.35170425527348403,0.30074555818808857,0.34755018653842734,0.34484100740802504,2109.6496189570425,1321.2067496758782
2025-12-23,0.001194034475838414,-0.00025163030493831253,0.3529366304065015,0.3036815926253246,0.3433817769681738,0.35080587399711716,2112.1686133340163,1320.8742940185705
2025-12-24,-0.002944665000514757,-0.0035822360174237134,0.3555872953485478,0.3059685590583875,0.3384441455930646,0.6357965629254368,2105.948984343146,1316.142610548048
2025-12-26,-0.0076418162686124,-0.007072488112302191,0.357713895843797,0.30850507705851177,0.33378102709769114,0.6380562959183743,2089.855709133725,1306.8342075808525
2025-12-29,-0.0003889539580268857,0.0002905984019009701,0.3598267096160449,0.3108074853453567,0.3293658050385983,0.7677729156021135,2089.0428514839523,1307.2139715131252
